<?xml version="1.0" encoding="UTF-8"?>
<suite name="Isha Homes Suite" parallel="true">

    <listeners>
    <listener class-name="listeners.ExtentTestListener"/>
	</listeners>
    

    <!--  <test name="Edge Test">
        <parameter name="browser" value="edge"/>
        <classes>
            <class name="tests.EnquiryTest"/>
        </classes>
    </test> -->

    <test name="Chrome Test">
        <parameter name="browser" value="chrome"/>
        <classes>
            <class name="tests.EnquiryTest"/>
        </classes>
    </test>

</suite>
